"DESCRIPTION","DURATION IN MS","NAME","PARENT SUITE","START TIME","STATUS","STOP TIME","SUB SUITE","SUITE","TEST CLASS","TEST METHOD"
"","15472","Verify Import Accounts page navigation","chromium","2026-09-30","passed","2026-09-30","Accounts module functionality of suite8demo application","features\Accounts.feature.spec.js","",""
"","21955","Verify Create Account page validation","chromium","2026-09-30","passed","2026-09-30","Accounts module functionality of suite8demo application","features\Accounts.feature.spec.js","",""
"","19946","Verify View Accounts page navigation","chromium","2026-09-30","passed","2026-09-30","Accounts module functionality of suite8demo application","features\Accounts.feature.spec.js","",""
"","19589","Verify Accounts module navigation","chromium","2026-09-30","passed","2026-09-30","Accounts module functionality of suite8demo application","features\Accounts.feature.spec.js","",""
"","19847","Verify Recently Viewed page navigation","chromium","2026-09-30","passed","2026-09-30","Accounts module functionality of suite8demo application","features\Accounts.feature.spec.js","",""
"","13237","verify create page cancel button","chromium","2026-09-30","passed","2026-09-30","Accounts module functionality of suite8demo application","features\Accounts.feature.spec.js","",""
"","19204","Verify Create Account page navigation","chromium","2026-09-30","passed","2026-09-30","Accounts module functionality of suite8demo application","features\Accounts.feature.spec.js","",""
"","21118","verify existing Account appears in Recently viewed","chromium","2026-09-30","passed","2026-09-30","Accounts module functionality of suite8demo application","features\Accounts.feature.spec.js","",""
"","14755","Verify cancel button validation in createAccount page with data","chromium","2026-09-30","passed","2026-09-30","Accounts module functionality of suite8demo application","features\Accounts.feature.spec.js","",""
"","6354","authenticate","setup","2026-09-30","passed","2026-09-30","","..\setup\auth.setup.js","",""
"","24032","Verify Create Account page with valid data","chromium","2026-09-30","passed","2026-09-30","Accounts module functionality of suite8demo application","features\Accounts.feature.spec.js","",""
